{
  "project_info": {
    "project_number": "686810412932",
    "project_id": "cityverse-51ee9",
    "storage_bucket": "cityverse-51ee9.appspot.com"
  },
  "client": [
    {
      "client_info": {
        "mobilesdk_app_id": "1:686810412932:android:475676e9bfa628f5bd4fd1",
        "android_client_info": {
          "package_name": "com.cityversecityverse"
        }
      },
      "oauth_client": [],
      "api_key": [
        {
          "current_key": "AIzaSyASpKCQ4JXJjt9-8-0Ajl70YEQvQPnlX-A"
        }
      ],
      "services": {
        "appinvite_service": {
          "other_platform_oauth_client": []
        }
      }
    }
  ],
  "configuration_version": "1"
}